Acremonium-chrysogenum-Cephalosporium-acremon     Acremonium chrysogenum (Cephalosporium acremonium)
Ajellomyces-generic-Ajellomyces-capsulatus-de     Ajellomyces (generic, Ajellomyces capsulatus+dermatitidis)
Alternaria-brassicicola-plant-pathogen            Alternaria brassicicola (plant pathogen)
Amorphotheca-resinae-creosote-fungus              Amorphotheca resinae (creosote fungus)
Arthrobotrys-oligosporus-mitosporic-predatory     Arthrobotrys oligospora (mitosporic predatory fungi)
Arthroderma-generic-causal-agent-of-dermatoph     Arthroderma (generic, causal agent of dermatophytosis)
Ascocoryne-sarcoides-jelly-drops-purple-jelly     Ascocoryne sarcoides (jelly drops, purple jellydisc)
Aureobasidium-generic-black-yeast-like-fungus     Aureobasidium (generic, black, yeast-like fungus)
Baudoinia-compniacensis-Angels-Share-fungus       Baudoinia compniacensis (Angels' Share fungus)
Beauveria-generic-asexually-reproducing-fungi     Beauveria (generic, asexually-reproducing fungi)
Nigrograna-mackinnonii-ascomycetes                Biatriospora mackinnonii (ascomycetes)
Bipolaris-generic                                 Bipolaris (generic)
Blastomyces-generic-causal-agent-of-blastomyc     Blastomyces (generic, causal agent of blastomycosis)
Blumeria-graminis-grass-mildew                    Blumeria graminis (grass mildew)
Peyronellaea-obtusa-plant-pathogen-that-cause     Botryosphaeria obtusa (plant pathogen that causes Frogeye leaf spot, Black rot and cankers)
Botryotinia-fuckeliana-plant-pathogen-Botryti     Botryotinia fuckeliana (plant pathogen, Botrytis cinerea)
Botrytis-generic-plant-pathogen                   Botrytis (generic, plant pathogen)
Dekkera-bruxellensis-yeast                        Brettanomyces bruxellensis (yeast)
Byssochlamys-spectabilis-anamorph-Paecilomyce     Byssochlamys spectabilis (anamorph Paecilomyces variotii)
Hymenoscyphus-herbarum-Hymenoscyphus-herbarum     Calycina herbarum (Hymenoscyphus herbarum)
Candida-albicans-diploid-yeast-human-pathogen     Candida albicans (diploid yeast, human pathogen)
Candida-glabrata-haploid-yeast-human-pathogen     Candida glabrata (haploid yeast, human pathogen)
Capronia-Capronia-coronata-epimyces-semiimmer     Capronia (Capronia coronata+epimyces+semiimmersa)
Ceratocystis-platani-plant-pathogen               Ceratocystis platani (plant pathogen)
Cercospora-canescens-causes-olive-leaf-spot       Cercospora canescens (causes olive leaf spot)
Chaetomium-Chaetomium_globosum-thermophilum       Chaetomium (Chaetomium_globosum+thermophilum)
Chrysoporthe-generic-Chrysoporthe-austroafric     Chrysoporthe (generic, Chrysoporthe austroafricana+cubensis+deuterocubensis)
Ciborinia-camelliae-causal-agent-of-Camellia-     Ciborinia camelliae (causal agent of Camellia flower blight)
Cladophialophora-Cladophialophora-bantiana-ca     Cladophialophora (Cladophialophora bantiana+carrionii+immunda+psammophila+yegresii)
Cladosporium-sphaerospermum-mold                  Cladosporium sphaerospermum (mold)
Claviceps-purpurea-ergot-fungus                   Claviceps purpurea (ergot fungus)
Clavispora-lusitaniae-yeast                       Clavispora lusitaniae (yeast)
Coccidioides-immitis-pathogenic-fungus            Coccidioides immitis (pathogenic fungus)
Cochliobolus-generic-Cochliobolus-carbonum-he     Cochliobolus (generic, Cochliobolus carbonum+heterostrophus+ miyabeanus+ sativus+ victoriae)
Colletotrichum-Colletotrichum-fioriniae-gloeo     Colletotrichum (Colletotrichum fioriniae+gloeosporioides+graminicola+higginsianum+orbiculare+sublineola)
Coniosporium-apollinis-rock-inhabiting-microc     Coniosporium apollinis (rock-inhabiting microcolonial fungi)
Cordyceps-militaris-entomopathogenic-fungi        Cordyceps militaris (entomopathogenic fungi)
Corynespora-cassiicola-plant-pathogen             Corynespora cassiicola (plant pathogen)
Dothideomycetes-ascomycetes                       Cryomyces antarcticus (ascomycetes)
Curvularia-generic-Curvularia-lunata-papendor     Curvularia (generic, Curvularia lunata+ papendorfii)
Cyberlindnera-generic-Cyberlindnera-fabianii-     Cyberlindnera (generic, Cyberlindnera fabianii+ jadinii)
Dactylonectria-macrodidyma-plant-pathogen         Dactylonectria macrodidyma (plant pathogen)
Dekkera-bruxellensis-Brettanomyces-bruxellens     Dekkera bruxellensis (Brettanomyces bruxellensis)
Diaporthe-ampelina-Phomopsis-viticola-Phomops     Diaporthe ampelina (Phomopsis viticola, Phomopsis ampelina, Fusicoccum viticolum)
Diplodia-seriata-cause-of-bot-canker-of-grape     Diplodia seriata (cause of bot canker of grapevine)
Emericella-Aspergillus-filamentous-fungi          Emericella (Aspergillus; filamentous fungi)
Emmonsia-generic-Emmonsia-crescens-parva          Emmonsia (generic, Emmonsia crescens+parva)
Epichloe-typhina-plant-pathogen                   Epichloe typhina (plant pathogen)
Eremothecium-generic-Eremothecium-coryli-cymb     Eremothecium (generic, Eremothecium coryli+ cymbalariae+ gossypii)
Erysiphe-necator-grape-powdery-mildew             Erysiphe necator (grape powdery mildew)
Escovopsis-weberi-parasitic-microfungus           Escovopsis weberi (parasitic microfungus)
Eutypa-lata-causal-agent-of-Eutypa-dieback        Eutypa armeniacae (causal agent of Eutypa dieback)
Exophiala-Exophiala_aquamarina-dermatitidis-m     Exophiala (Exophiala_aquamarina+dermatitidis+mesophila+oligosperma+sideris+spinifera+xenobiotica)
Fonsecaea-pedrosoi-major-causative-agent-of-c     Fonsecaea pedrosoi (major causative agent of chromoblastomycosis)
Fusarium-generic-Fusarium-graminearum-fujikur     Fusarium (generic, Fusarium graminearum+ fujikuroi+ oxysporum+ solani+ verticillioides)
Fusarium-graminearum-generic-haploid-homothal     Fusarium graminearum (generic, haploid homothallic ascomycete)
Gaeumannomyces-graminis-plant-pathogen            Gaeumannomyces graminis (plant pathogen)
Dipodascus-geotrichum-Oospora-lactis-teleomor     Galactomyces geotrichum (Oospora lactis, teleomorph: Geotrichum candidum)
Pseudogymnoascus-destructans-Pseudogymnoascus     Geomyces destructans (Pseudogymnoascus destructans, a psychrophilic fungus that causes white-nose syndrome (WNS)
Gibberella-generic-Gibberella-circinata-fujik     Gibberella (generic, Gibberella circinata+fujikuroi)
Glarea-lozoyensis-ascomycetes                     Glarea lozoyensis (ascomycetes)
Graphilbum-fragrans-Pesotum-fragrans              Graphilbum fragrans (Pesotum fragrans)
Grosmannia-clavigera-blue-stain-fungus            Grosmannia clavigera (blue stain fungus)
Phyllosticta-citricarpa-Phyllosticta-citricar     Guignardia citricarpa (Phyllosticta citricarpa, causes Citrus Black Spot)
Harpophora-Falciphora-oryzae                      Harpophora oryzae (Falciphora oryzae)
Helminthosporium-solani-infecting-potato-tube     Helminthosporium solani (infecting potato tubers)
Hirsutella-minnesotensis-pathogen-of-the-soyb     Hirsutella minnesotensis (pathogen of the soybean cyst nematode)
Histoplasma-generic-dimorphic-fungi               Histoplasma (generic, dimorphic fungi)
Histoplasma-capsulatum-cause-the-histoplasmos     Histoplasma capsulatum (cause the histoplasmosis)
Hortaea-werneckii-268-genes-halotolerant-blac     Hortaea werneckii (268 genes, halotolerant black yeast)
Huntiella-generic-Huntiella-omanensis-savanna     Huntiella (generic, Huntiella omanensis+ savannae)
Hymenoscyphus-generic-Hymenoscyphus-fraxineus     Hymenoscyphus (generic, Hymenoscyphus fraxineus+ fructigenus+ infarciens+ laetus+ repandus+ salicellus+ scutula+ varicosporoides)
Hypocrea-generic-Hypocrea-jecorina-lixii-pseu     Hypocrea (generic, Hypocrea jecorina+ lixii+ pseudokoningii+ virens)
Hypocrella-siamensis-anamorph-Aschersonia-bad     Hypocrella siamensis (anamorph: Aschersonia badia)
Hysterium-pulicare-occurs-on-living-tree-bark     Hysterium pulicare (occurs on living tree bark or dead wood)
Cordyceps-farinosa-Paecilomyces-farinosus         Isaria farinosa (Paecilomyces farinosus)
Kazachstania-yeast-generic                        Kazachstania (yeast, generic)
Kluyveromyces-lactis-yeast                        Kluyveromyces lactis (yeast)
Knoxdaviesia-generic-Knoxdaviesia-capensis-pr     Knoxdaviesia (generic, Knoxdaviesia capensis+proteae)
Komagataella-pastoris-methylotrophic-yeast-Pi     Komagataella pastoris (methylotrophic yeast, Pichia pastoris)
Lachancea-generic                                 Lachancea (generic)
Leptographium-generic-Leptographium-lundbergi     Leptographium (generic, Leptographium lundbergii+ procerum)
Leptosphaeria-generic-fungi                       Leptosphaeria (generic, fungi)
Leptosphaeria-maculans-blackleg-of-rapeseed-f     Leptosphaeria maculans (blackleg of rapeseed fungus)
Macrophomina-phaseolina-plant-pathogen            Macrophomina phaseolina (plant pathogen)
Sordariales-Streptotrix-mycetomatis               Madurella mycetomatis (Streptotrix mycetomatis)
Magnaporthe-generic-fungi                         Magnaporthe (generic, fungi)
Drepanopeziza-brunnea-plant-pathogen              Marssonina brunnea (plant pathogen)
Metacordyceps-generic-Metacordyceps-brittleba     Metacordyceps (generic, Metacordyceps brittlebankisoides+ chlamydosporia+ taii)
Metarhizium-generic                               Metarhizium (generic)
Metschnikowia-fructicola-ascosporic-yeast-137     Metschnikowia fructicola (ascosporic yeast, 137 sequences)
Microsporum-gypseum-soil-associated-dermatoph     Microsporum gypseum (soil-associated dermatophyte, Arthroderma gypseum)
Millerozyma-farinosa-yeast                        Millerozyma farinosa (yeast)
Thermothelomyces-thermophilus-Sporotrichum-th     Myceliophthora thermophila (Sporotrichum thermophilum, Chrysosporium thermophilum)
Mycosphaerella-generic-Mycosphaerella-arachid     Mycosphaerella (generic, Mycosphaerella arachidis+ dearnessii+ fijiensis+ graminicola+ laricina+ pini+ populicola+populorum)
Nakaseomyces-generic-Nakaseomyces-bacillispor     Nakaseomyces (generic, Nakaseomyces bacillisporus+ delphensis)
Naumovozyma-generic-Naumovozyma_castellii-dai     Naumovozyma (generic, Naumovozyma_castellii+dairenensis)
Neofusicoccum-parvum-Fusicoccum-parvum            Neofusicoccum parvum (Fusicoccum parvum)
Aspergillus-fischeri-Aspergillus-fischeri         Neosartorya fischeri (Aspergillus fischeri)
Neurospora-crassa-red-bread-mold                  Neurospora crassa (red bread mold)
Scolecobasidium-constrictum-Dactylaria-gallop     Ochroconis constricta (Dactylaria gallopava)
Ogataea-generic-Ogataea-parapolymorpha-polymo     Ogataea (generic, Ogataea parapolymorpha+ polymorpha)
Oidiodendron-majus-ascomycetes                    Oidiodendron maius (ascomycetes)
Ophiocordyceps-sinensis-Cordyceps-sinensis        Ophiocordyceps sinensis (Cordyceps sinensis)
Pesotum-piceae-pine-saprophyte                    Ophiostoma piceae (pine saprophyte)
Paracoccidioides-generic-Paracoccidioides_bra     Paracoccidioides (generic, Paracoccidioides_brasiliensis+lutzii)
Fulvia-fulva-Cladosporium-fulvum-Fulvia-fulva     Passalora fulva (Cladosporium fulvum, Fulvia fulva)
Penicillium-chrysogenum-fungus-Penicillium-no     Penicillium chrysogenum (fungus, Penicillium notatum)
Periglandula-ipomoeae-                            Periglandula ipomoeae ()
Pestalotiopsis-fici-plant-pathogen                Pestalotiopsis fici (plant pathogen)
Phaeomoniella-chlamydospora-Phaeoacremonium-c     Phaemoniella chlamydospora (Phaeoacremonium chlamydosporum)
Phaeosphaeria-nodorum-Leptosphaeria-nodorum       Phaeosphaeria nodorum (Leptosphaeria nodorum)
Cyphellophora-europaea-Cyphellophora-europaea     Phialophora europaea (Cyphellophora europaea)
Issatchenkia-orientalis-Candida-krusei-Issatc     Pichia kudriavzevii (Candida krusei, Issatchenkia orientalis, Candida acidothermophilum)
Pleosporales-generic                              Pleosporales (generic)
Pneumocystis-generic-Pneumocystis-carinii-jir     Pneumocystis (generic, Pneumocystis carinii+ jirovecii+ murina)
Rutstroemia-sydowiana-Rutstroemia-sydowiana       Poculum sydowianum (Rutstroemia sydowiana)
Triangularia-anserina-                            Podospora anserina ()
Preussia-generic                                  Preussia (generic)
Pseudallescheria-apiosperma-Scedosporium-apio     Pseudallescheria apiosperma (Scedosporium apiospermum)
Pseudocercospora-fijiensis-black-leaf-streak-     Pseudocercospora fijiensis (black leaf streak, Mycosphaerella fijiensis , Cercospora fijiensis, Paracercospora fijiensis)
Pseudogymnoascus-generic-Pseudogymnoascus-des     Pseudogymnoascus (generic, Pseudogymnoascus destructans+pannorum)
Pyrenochaeta-cause-a-eumycetoma                   Pyrenochaeta sp (cause a eumycetoma)
Pyrenophora-generic-plant-pathogen                Pyrenophora (generic, plant pathogen)
Pyronema-omphalodes-Pyronema-confluens            Pyronema omphalodes (Pyronema confluens)
Ramularia-collo-cygni-pathogen-of-barley          Ramularia collo-cygni (pathogen of barley)
Rasamsonia-emersonii-Talaromyces-emersonii-Pe     Rasamsonia emersonii (Talaromyces emersonii, Penicillium emersonii)
Rhinocladiella-mackenziei-Ramichloridium-mack     Rhinocladiella mackenziei (Ramichloridium mackenziei, cause of cerebral phaeohyphomycosis)
Rhytidhysteron-rufulum-Rhytidhysterium-rufulu     Rhytidhysteron rufulum (Rhytidhysterium rufulum, fungal plant pathogen infecting citruses)
Lanzia-echinophila-Sclerotinia-echinophila        Rutstroemia echinophila (Sclerotinia echinophila)
Saccharomyces-cerevisiae-baker-s-yeast            Saccharomyces cerevisiae (baker's yeast)
Pseudallescheria-boydii-Pseudallescheria-apio     Scedosporium apiospermum (Pseudallescheria apiosperma, causes of resistant life-threatening infections in immunocompromised patients)
Scheffersomyces-stipitis-yeast-Pichia-stipiti     Scheffersomyces stipitis (yeast, Pichia stipitis)
Schizosaccharomyces-pombe-fission-yeast           Schizosaccharomyces pombe (fission yeast)
Sclerotinia-generic-Sclerotinia-borealis-scle     Sclerotinia (generic, Sclerotinia borealis+sclerotiorum)
Sclerotinia-sclerotiorum-plant-pathogen           Sclerotinia sclerotiorum (plant pathogen)
Zymoseptoria-passerinii-Zymoseptoria-passerin     Septoria passerinii (Zymoseptoria passerinii, plant pathogen infecting barley)
Exserohilum-turcicum-northern-corn-leaf-bligh     Setosphaeria turcica (northern corn leaf blight)
Shiraia-a-parasitic-fungus-on-twigs-of-severa     Shiraia sp (a parasitic fungus on twigs of several genera of bamboos)
Sordaria-macrospora-microscopic-fungus            Sordaria macrospora (microscopic fungus)
Spathaspora-generic-Spathaspora-arborariae-pa     Spathaspora (generic, Spathaspora arborariae+ passalidarum)
Sphaerulina-musiva-pathogen-of-poplar-trees       Sphaerulina musiva (pathogen of poplar trees)
Sporothrix-generic-Sporothrix-brasiliensis-sc     Sporothrix (generic, Sporothrix brasiliensis+schenckii)
Stachybotrys-generic-Stachybotrys-chartarum-c     Stachybotrys (generic, Stachybotrys chartarum+chlorohalonata)
Parastagonospora-nodorum-pathogen-of-wheat        Stagonospora nodorum (pathogen of wheat)
Stagonosporopsis-tanaceti-cause-of-ray-blight     Stagonosporopsis tanaceti (cause of ray blight of pyrethrum)
Stemphylium-lycopersici-pathogen-of-tomatoes-     Stemphylium lycopersici (pathogen of tomatoes, Capsicum and papayas)
Talaromyces-generic-Talaromyces-marneffei-sti     Talaromyces (generic, Talaromyces marneffei+stipitatus)
Taphrina-generic-Taphrina-deformans-flavorubr     Taphrina (generic, Taphrina deformans+ flavorubra+ populina+ wiesneri)
Uncinocarpus-reesii-non-pathogenic-fungus         Uncinocarpus reesii (non-pathogenic fungus)
Yarrowia-lipolytica-yeast                         Yarrowia lipolytica (yeast)
Zygosaccharomyces-rouxii-osmoresistant-yeast      Zygosaccharomyces rouxii (osmoresistant yeast)
Acanthisitta-chloris-Rifleman                     Acanthisitta chloris (Rifleman)
Anas-platyrhynchos-Mallard                        Anas platyrhynchos (Mallard)
Anser-cygnoides-Swan-goose-Chinese-goose          Anser cygnoides (Swan goose, Chinese goose)
Aptenodytes-forsteri-Emperor-penguin              Aptenodytes forsteri (Emperor penguin)
Apteryx-australis-Brown-kiwi                      Apteryx australis (Brown kiwi)
Aquila-chrysaetos-Golden-eagle                    Aquila chrysaetos (Golden eagle)
Buceros-rhinoceros-Rhinoceros-hornbill            Buceros rhinoceros (Rhinoceros hornbill)
Philomachus-pugnax-Ruff-Philomachus-pugnax        Calidris pugnax (Ruff, Philomachus pugnax)
Calypte-anna-Anna-s-hummingbird                   Calypte anna (Anna's hummingbird)
Antrostomus-carolinensis-Chuck-will-s-widow       Caprimulgus carolinensis (Chuck-will's-widow)
Cariama-cristata-Red-legged-seriema               Cariama cristata (Red-legged seriema)
Chaetura-pelagica-Chimney-swift                   Chaetura pelagica (Chimney swift)
Charadrius-vociferus-Killdeer                     Charadrius vociferus (Killdeer)
Gallus-gallus-Aves-generic                        Gallus gallus (Aves generic)
Chlamydotis-macqueenii-MacQueen-s-bustard         Chlamydotis macqueenii (MacQueen's bustard)
Colius-striatus-Speckled-mousebird                Colius striatus (Speckled mousebird)
Columba-livia-Rock-pigeon                         Columba livia (Rock pigeon)
Corvus-brachyrhynchos-American-crow               Corvus brachyrhynchos (American crow)
Cuculus-canorus-Common-cuckoo                     Cuculus canorus (Common cuckoo)
Egretta-garzetta-Little-egret                     Egretta garzetta (Little egret)
Falco-cherrug-Saker-falcon                        Falco cherrug (Saker falcon)
Ficedula-albicollis-collared-flycatcher           Ficedula albicollis (collared flycatcher)
Geospiza-fortis-medium-ground-finch               Geospiza fortis (medium ground finch)
Haliaeetus-leucocephalus-bald-eagle               Haliaeetus leucocephalus (bald eagle)
Manacus-vitellinus-golden-collared-manakin        Manacus vitellinus (golden-collared manakin)
Meleagris-gallopavo-Wild-Turkey                   Meleagris gallopavo (Wild Turkey)
Agaricus-generic-champignons                      Agaricus (generic, champignons)
Amanita-muscaria-fly-agaric-fly-amanita           Amanita muscaria (fly agaric, fly amanita)
Auricularia-subglabra-basidiomycetes              Auricularia subglabra (basidiomycetes)
Botryobasidium-vagum-botryosum                    Botryobasidium_botryosum (botryosum)
Ceriporiopsis-basidiomycetes                      Ceriporiopsis subvermispora B (basidiomycetes)
Coniophora-puteana-cellar-fungus-which-causes     Coniophora puteana (cellar fungus, which causes a rot in wood)
Coprinopsis-cinerea-Coprinus-macrorhizus          Coprinopsis cinerea (Coprinus macrorhizus)
Coprinus-generic                                  Coprinus (generic)
Cronartium-generic-Cronartium-comandrae-querc     Cronartium (generic, Cronartium comandrae+ quercuum+ ribicola 206 genes only)
Cryptococcus-generic-encapsulated-yeast           Cryptococcus (generic, encapsulated yeast)
Cryptococcus-gattii-encapsulated-yeast            Cryptococcus gattii (encapsulated yeast)
Cryptococcus-neoformans-encapsulated-yeast        Cryptococcus neoformans (encapsulated yeast)
Cylindrobasidium-torrendii-corticioid-fungi       Cylindrobasidium torrendii (corticioid fungi)
Fibroporia-radiculosa-Antrodia-radiculosa         Fibroporia radiculosa (Antrodia radiculosa)
Fistulina-hepatica-beefsteak-polypore-or-ox-t     Fistulina hepatica (beefsteak polypore or ox tongue)
Fomitiporia-mediterranea-plant-pathogen           Fomitiporia mediterranea (plant pathogen)
Fomitopsis-pinicola-pine-bolete-pinewood-king     Fomitopsis pinicola (pine bolete, pinewood king bolete)
Galerina-marginata-poisonous-fungus               Galerina marginata (poisonous fungus)
Ceriporiopsis-subvermispora-Poria-subvermispo     Gelatoporia subvermispora (Poria subvermispora)
Gloeophyllum-trabeum-plant-fungal-pathogen        Gloeophyllum trabeum (plant fungal pathogen)
Gymnopus-luxurians-fungus                         Gymnopus luxurians (fungus)
Hebeloma-cylindrosporum-mushroom-forming-fung     Hebeloma cylindrosporum (mushroom-forming fungus)
Heterobasidion-irregulare-tree-root-rotting-p     Heterobasidion irregulare (tree root rotting pathogenic fungus)
Leucogyrophana-pinastri-spiny-dry-rot-fungus      Hydnomerulius pinastri (spiny dry rot fungus)
Hypholoma-lateritium-brick-cap                    Hypholoma sublateritium (brick cap)
Jaapia-argillacea-fungus                          Jaapia argillacea (fungus)
Kwoniella-generic-Kwoniella-heveanensis-mangr     Kwoniella (generic, Kwoniella heveanensis+ mangroviensis)
Laccaria-generic                                  Laccaria (generic)
Melampsora-larici-populina-poplar-leaf-rust-f     Melampsora larici-populina (poplar leaf rust fungus)
Microbotryum-violaceum-anther-smut-fungus-Ust     Microbotryum violaceum (anther smut fungus, Ustilago violacea)
Mixia-osmundae-Taphrina-osmundae                  Mixia osmundae (Taphrina osmundae)
Moniliophthora-generic-Moniliophthora-pernici     Moniliophthora (generic, Moniliophthora perniciosa+roreri)
Paxillus-generic-Paxillus_involutus-rubicundu     Paxillus (generic, Paxillus_involutus+rubicundulus)
Phanerochaete-carnosa-plant-pathogen-infectin     Phanerochaete carnosa (plant pathogen infecting plane trees)
Phanerodontia-chrysosporium-New-version-USTIL     Phanerochaete chrysosporium (New version USTILAGO+WREST)
Pyrrhoderma-noxium-plant-pathogen-Phellinidiu     Phellinus noxius (plant pathogen, Phellinidium noxium)
Phlebiopsis-gigantea-Thelephora-gigantea-Peni     Phlebiopsis gigantea (Thelephora gigantea, Peniophora gigantea)
Piloderma-bicolor-Piloderma-fallax                Piloderma croceum (Piloderma fallax)
Auriculariales-Serendipita-indica-Achlamydosp     Piriformospora indica (Serendipita indica, Achlamydospora indica)
Pisolithus-generic-Pisolithus_microcarpus-tin     Pisolithus (generic, Pisolithus_microcarpus+tinctorius)
Pleurotus-ostreatus-oyster-mushroom               Pleurotus ostreatus (oyster mushroom)
Plicaturopsis-crispa-                             Plicaturopsis crispa ()
Rhodonia-placenta-Rhodonia-placenta-brown-rot     Postia placenta (Rhodonia placenta, brown rot fungus)
Pseudozyma-generic-Pseudozyma-antarctica-aphi     Pseudozyma (generic, Pseudozyma antarctica+aphidis+brasiliensis+flocculosa+hubeiensis)
Puccinia-rusts                                    Puccinia (rusts)
Punctularia-strigosozonata-                       Punctularia strigosozonata ()
Rhizoctonia-solani-Rhizoctonia-praticola-plan     Rhizoctonia solani (Rhizoctonia praticola, plant pathogen)
Rhodotorula-glutinis-pink-yeast                   Rhodotorula glutinis (pink yeast)
Sanghuangporus-baumii-Phellinus-baumii-Inonot     Sanghuangporus baumii (Phellinus baumii, Inonotus baumii)
Schizophyllum-commune-common-in-rotting-wood-     Schizophyllum commune (common in rotting wood, but can also cause disease in humans)
Schizopora-paradoxa-Hyphodontia-paradoxa          Schizopora paradoxa (Hyphodontia paradoxa)
Scleroderma-citrinum-common-earthball-pigskin     Scleroderma citrinum (common earthball, pigskin poison puffball)
Auriculariales-Sebacina-vermifera                 Serendipita vermifera (Sebacina vermifera)
Serpula-lacrymans-dry-rot-fungus                  Serpula lacrymans (dry rot fungus)
Sphaerobolus-stellatus-cannonball-fungi           Sphaerobolus stellatus (cannonball fungi)
Sporidiobolus-salmonicolor-yeast-like-fungus      Sporidiobolus salmonicolor (yeast-like fungus)
Stereum-hirsutum-False-Turkey-Tail                Stereum hirsutum (False Turkey Tail)
Suillus-luteus-slippery-jack-sticky-bun           Suillus luteus (slippery jack, sticky bun)
Taiwanofungus-camphoratus-stout-camphor-fungu     Taiwanofungus camphoratus (stout camphor fungus)
Ustilago-smuts                                    Ustilago (smuts)
Actinidia-chinensis-fruit-tree-and-medicinal-     Actinidia chinensis (fruit tree and medicinal plant)
Aethionema-arabicum-                              Aethionema arabicum ()
Amborella-trichopoda-rare-understory-shrub        Amborella trichopoda (rare understory shrub)
Arabidopsis-thaliana-rockcress-thale-cress        Arabidopsis thaliana (rockcress, thale cress)
Arabis-generic-Arabis-alpina-montbretiana-nor     Arabis (generic, Arabis alpina+montbretiana+nordmanniana)
Arachis-duranensis-Arachis-spegazzinii            Arachis duranensis (Arachis spegazzinii)
Beta-vulgaris-beet                                Beta vulgaris (beet)
Betula-nana-alpine-birch                          Betula nana (alpine birch)
Brassica-rapa-turnip-field-mustard                Brassica rapa (turnip, field mustard)
Camelina-sativa-false-flax-gold-of-pleasure       Camelina sativa (false flax, gold-of-pleasure)
Cannabis-                                         Cannabis ()
Capsella-rubella-pink-shepherd-s-purse            Capsella rubella (pink shepherd's-purse)
Capsicum-annuum-chilli-pepper-bell-pepper-pap     Capsicum annuum (chilli pepper, bell pepper, paprika, cayenne, halapenos)
Castanea-mollissima-Chinese-chestnut              Castanea mollissima (Chinese chestnut)
Catharanthus-roseus-Madagascar-periwinkle-old     Catharanthus roseus (Madagascar periwinkle , old-maid, chula, chatas)
Cicer-arietinum-chickpea                          Cicer arietinum (chickpea)
Citrullus-lanatus-wild-melon                      Citrullus lanatus (wild melon)
Citrus-aurantium-sweet-orange                     Citrus sinensis (sweet orange)
Coffea-canephora-robusta-coffee                   Coffea canephora (robusta coffee)
Erigeron-canadensis-horseweed                     Conyza canadensis (horseweed)
Cucumis-melo-muskmelon                            Cucumis melo (muskmelon)
Cynara-cardunculus-cardoon                        Cynara cardunculus (cardoon)
Daucus-carota-carrot                              Daucus carota (carrot)
Dianthus-caryophyllus-clove-pink-carnation        Dianthus caryophyllus (clove pink, carnation)
Arabidopsis-generic                               Arabidopsis (generic)
Erythranthe-guttata-spotted-monkey-flower         Erythranthe guttata (spotted monkey flower)
Eucalyptus-grandis-rose-gum                       Eucalyptis grandis (rose gum)
Eutrema-generic-Eutrema-halophilum-parvulum-s     Eutrema (generic, Eutrema halophilum+parvulum+salsugineum)
Fragaria-vesca-wild-strawberry                    Fragaria vesca (wild strawberry)
Fraxinus-excelsior-European-ash                   Fraxinus excelsior (European ash)
Genlisea-aurea-Genlisea-minor-Genlisea-ornata     Genlisea aurea (Genlisea minor, Genlisea ornata)
Glycine-max-soybean                               Glycine max (soybean)
Gossypium-raimondii-diploid-cotton                Gossypium raimondii (diploid cotton)
Helianthus-Sonflower-generic                      Helianthus (Sonflower, generic)
Hevea-generic                                     Hevea (generic)
Humulus-lupulus-european-hop-common-hop           Humulus lupulus (european hop, common hop)
Ipomoea-batatas-sweet-potato                      Ipomoea batatas (sweet potato)
Ipomoea-trifida-wild-sweet-potato                 Ipomoea trifida (wild sweet potato)
Jatropha-curcas-Barbados-nut-purging-nut-phys     Jatropha curcas (Barbados nut, purging nut, physic nut, JCL)
Juglans-regia-common-walnut-English-walnut-Pe     Juglans regia (common walnut, English walnut, Persian walnut)
Lactuca-sativa-147-genes-cultivated-lettuce-g     Lactuca sativa (147 genes, cultivated lettuce, garden lettuce)
Leavenworthia-alabamica-gladecresses              Leavenworthia alabamica (gladecresses)
Linum-usitatissimum-common-flax-linseed           Linum usitatissimum (common flax, linseed)
Lotus-japonicus-wild-legume                       Lotus japonicus (wild legume)
Lupinus-angustifolius-narrow-leaved-blue-lupi     Lupinus angustifolius (narrow-leaved blue lupine)
Solanum-lycopersicum-tomato-Solanum-lycopersi     Lycopersicon esculentum (tomato, Solanum lycopersicum)
Malus-domestica-apple                             Malus domestica (apple)
Manihot-esculenta-cassava-tapioca-yuca-manioc     Manihot esculenta (cassava, tapioca, yuca, manioc)
Medicago-generic                                  Medicago (generic)
Medicago-truncatula-barrel-medic-leguminous       Medicago truncatula (barrel medic, leguminous)
Erythranthe-spotted-monkey-flower                 Mimulus guttatus (spotted monkey flower)
Morus-notabilis-mulberries                        Morus notabilis (mulberries)
Nelumbo-nucifera-sacred-lotus-padma-Indian-lo     Nelumbo nucifera (sacred lotus, padma, Indian lotus)
Nicotiana-generic                                 Nicotiana (generic)
Ocimum-tenuiflorum-Ocimum-tenuiflorum             Ocimum tenuiflorum (Ocimum tenuiflorum)
Phaseolus-vulgaris-common-bean-French-bean-st     Phaseolus vulgaris (common bean, French bean , string bean, kidney bean)
Populus-trichocarpa-poplar-black-cottonwood       Populus trichocarpa (poplar, black cottonwood)
Primula-generic-Primula-veris-vulgaris            Primula (generic, Primula veris + vulgaris)
Prunus-persica-peach                              Prunus persica (peach)
Punica-granatum-pomegranate-granado-zakuro-sh     Punica granatum (pomegranate, granado, zakuro, shi liu, grenadier)
Pyrus-bretschneideri-Chinese-white-pear-bai-l     Pyrus bretschneideri (Chinese white pear, bai li)
Raphanus-sativus-radish                           Raphanus sativus (radish)
Ricinus-communis-castor-bean                      Ricinus communis (castor bean)
Sesamum-indicum-sesame-benne                      Sesamum indicum (sesame, benne)
Silene-latifolia-white-campion                    Silene latifolia (white campion)
Silybum-marianum-milk-thistle-lady-s-thistle-     Silybum marianum (milk thistle, lady's thistle, holy thistle, variegated thistle, Scotch thistle)
Sisymbrium-irio-London-rocket                     Sisymbrium irio (London rocket)
Solanum-lycopersicum-generic-tomato               Solanum lycopersicum (generic, tomato)
Spinacia-oleracea-spinach                         Spinacia oleracea (spinach)
Helianthus-annuus-Sunflower-generic               Helianthus annuus (Sunflower, generic)
Vitis-vinifera-wine-grape                         Vitis vinifera (wine grape)
Acromyrmex-echinatior-Panamanian-leaf-cutter-     Acromyrmex echinatior (Panamanian leaf-cutter ant)
Acyrthosiphon-pisum-pea-aphid                     Acyrthosiphon pisum (pea aphid)
Aedes-aegypti-yellow-fever-mosquito               Aedes aegypti (yellow fever mosquito)
Anopheles-gambiae-malaria-mosquito                Anopheles gambiae (malaria mosquito)
Apis-generic-apis                                 Apis (generic, apis)
Apis-dorsata-giant-honey-bee                      Apis dorsata (giant honey bee)
Apis-florea-red-dwarf-honey-bee                   Apis florea (red dwarf honey bee)
Athalia-rosae-turnip-sawfly                       Athalia rosae (turnip sawfly)
Atta-cephalotes-leaf-cutting-ant                  Atta cephalotes (leaf cutting ant)
Bactrocera-cucurbitae-melon-fly                   Bactrocera cucurbitae (melon fly)
Bactrocera-dorsalis-oriental-fruit-fly            Bactrocera dorsalis (oriental fruit fly)
Bombus-impatiens-common-eastern-bumble-bee        Bombus impatiens (common eastern bumble bee)
Bombus-terrestris-buff-tailed-bumble-bee          Bombus terrestris (buff-tailed bumble bee)
Bombyx-mori-silkworm                              Bombyx mori (silkworm)
Cerataphis-brasiliensis-Palm-Aphid                Cerataphis brasiliensis (Palm Aphid)
Culex-generic-culex                               Culex (generic, culex)
Danaus-plexippus-butterfly                        Danaus plexippus (butterfly)
Drosophila-melanogaster-generic-fruit-fly         Drosophila melanogaster (generic, fruit fly)
Heliconius-melpomene-postman-butterfly            Heliconius melpomene (postman butterfly)
Nasonia-vitripennis-parasitoid-wasp               Nasonia vitripennis (parasitoid wasp)
Nilaparvata-lugens-brown-planthopper              Nilaparvata lugens (brown planthopper)
Pediculus-humanus-human-louse                     Pediculus humanus (human louse)
Tribolium-castaneum-red-flour-beetle              Tribolium castaneum (red flour beetle)
Acinonyx-jubatus-Cheetah                          Acinonyx jubatus (Cheetah)
Ailuropoda-melanoleuca-Giant-panda                Ailuropoda melanoleuca (Giant panda)
Aotus-nancymai-Ma-s-night-monkey-Aotus-nancym     Aotus nancymaae (Ma's night monkey, Aotus nancymai)
Apodemus-sylvaticus-wood-mouse                    Apodemus sylvaticus (wood mouse)
Balaena-mysticetus-bowhead-whale                  Balaena mysticetus (bowhead whale)
Balaenoptera-acutorostrata-common-minke-whale     Balaenoptera acutorostrata (common minke whale or northern minke whale)
Bison-bison-American-bison                        Bison bison (American bison)
Bos-grunniens-wild-yak                            Bos mutus (wild yak)
Bos-taurus-cattle                                 Bos taurus (cattle)
Bubalus-bubalis-Water-buffalo                     Bubalus bubalis (Water buffalo)
Callithrix-jacchus-White-tufted-ear-marmoset      Callitrix jacchus (White-tufted-ear marmoset)
Camelus-dromedarius-Bactrian-camel                Camelus dromedarius (Bactrian camel)
Canis-lupus-gray-wolf                             Canis lupus (gray wolf)
Capra-hircus-Goat                                 Capra hircus (Goat)
Ceratotherium-simum-White-rhinoceros              Ceratotherium simum (White rhinoceros)
Cercocebus-atys-Sooty-mangabey                    Cerocebus atys (Sooty mangabey)
Chinchilla-lanigera-Long-tailed-chinchilla        Chinchilla lanigera (Long-tailed chinchilla)
Chlorocebus-sabaeus-Green-monkey                  Chlorocebus sabaeus (Green monkey)
Choloepus-hoffmanni-Hoffmann-s-two-fingered-s     Choloepus hoffmanni (Hoffmann's two-fingered sloth)
Chrysochloris-asiatica-Cape-golden-mole           Chrysochloris asiatica (Cape golden mole)
Colobus-angolensis-Angolan-colobus                Colobus angolensis (Angolan colobus)
Condylura-cristata-Star-nosed-mole                Condylura cristata (Star-nosed mole)
Cricetulus-barabensis-Chinese-hamster             Cricetulus griseus (Chinese hamster)
Dasypus-novemcinctus-Nine-banded-armadillo        Dasypus novemcinctus (Nine-banded armadillo)
Dipodomys-ordii-Kangaroo-rat                      Dipodomys ordii (Kangaroo rat)
Elephantulus-edwardii-Cape-long-eared-elephan     Elephantulus edwardii (Cape long-eared elephant shrew)
Eptesicus-fuscus-Big-brown-bat                    Eptesicus fuscus (Big brown bat)
Erinaceus-europaeus-hedgehog                      Erinaceus europaeus (hedgehog)
Felis-catus-domestic-cat                          Felis catus (domestic cat)
Vulpes-vulpes-Fox-generic                         Vulpes vulpes (Fox generic)
Fukomys-damarensis-Damaraland-mole-rat-Damara     Fukomys damarensis (Damaraland mole-rat, Damara mole rat, Damaraland blesmol)
Galeopterus-variegatus-Sunda-flying-lemur-Mal     Galeopterus variegatus (Sunda flying lemur, Malayan flying lemur, Sunda Colugo or Malayan colugo)
Gorilla-gorilla-Western-gorilla                   Gorilla gorilla (Western gorilla)
Heterocephalus-glaber-naked-mole-rat-sand-pup     Heterocephalus glaber (naked mole-rat, sand puppy, desert mole rat)
Homo-sapiens-Human                                Homo sapiens (Human)
Ictidomys-tridecemlineatus-thirteen-lined-gro     Ictidomys tridecemlineatus (thirteen-lined ground squirrel,striped gopher)
Jaculus-jaculus-lesser-Egyptian-jerboa            Jaculus jaculus (lesser Egyptian jerboa)
Leptonychotes-weddellii-Weddell-seal              Leptonychotes weddellii (Weddell seal)
Lipotes-vexillifer-baiji-Chinese-river-dolphi     Lipotes vexillifer (baiji, Chinese river dolphin)
Lynx-pardinus-Iberian-lynx                        Lynx pardinus (Iberian lynx)
Macaca-mulatta-Rhesus-monkey                      Macaca mulatta (Rhesus monkey)
Mandrillus-leucophaeus-drill                      Mandrillus leucophaeus (drill)
Manis-pentadactyla-Chinese-pangolin               Manis pentadactyla (Chinese pangolin)
Marmota-marmota-alpine-marmot                     Marmota marmota (alpine marmot)
Monodelphis-domestica-gray-short-tailed-oposs     Monodelphis domestica (gray short-tailed opossum)
Mus-musculus-generic-mouse                        Mus musculus (generic, mouse)
Mustela-putorius-European-Polecat                 Mustela putorius (European Polecat)
Myotis-lucifugus-Little-brown-bat                 Myotis lucifugus (Little brown bat)
Nomascus-leucogenys-gibbon                        Nomascus leucogenys (gibbon)
Ochotona-princeps-American-pika                   Ochotona princeps (American pika)
Ornithorhynchus-anatinus-Platypus                 Ornithorhynchus anatinus (Platypus)
Oryctolagus-cuniculus-European-rabbit             Oryctolagus cuniculus (European rabbit)
Otolemur-garnettii-Northern-greater-galago-sm     Otolemur_garnettii (Northern greater galago, small-eared galago)
Pan-troglodytes-Common-chimpanzee                 Pan troglodytes (Common chimpanzee)
Procavia-capensis-Rock-hyrax                      Procavia capensis (Rock hyrax)
Pteropus-vampyrus-Large-flying-fox                Pteropus vampyrus (Large flying fox)
Sarcophilus-harrisii-Tasmanian-devil              Sarcophilus harrisii (Tasmanian devil)
Sorex-araneus-Common-shrew                        Sorex araneus (Common shrew)
Vicugna-pacos-alpaca                              Vicugna pacos (alpaca)
Aegilops-tauschii-Tausch-s-goatgrass              Aegilops tauschii (Tausch's goatgrass)
Brachypodium-distachyon-purple-false-brome        Brachypodium distachyon (purple false brome)
Dioscorea-alata-yam                               Dioscorea alata (yam)
Ensete-ventricosum-Ethiopian-banana-Abyssinia     Ensete ventricosum (Ethiopian banana, Abyssinian banana, false banana, or ensete)
Eragrostis-tef-tef                                Eragrostis tef (tef)
Hordeum-vulgare-barley                            Hordeum vulgare (barley)
Leersia-perrieri-cutgrasses                       Leersia perrieri (cutgrasses)
Monocot-plants-generic-Corn-Rice-Wheat-Barley     Monocot plants (generic, Corn, Rice, Wheat, Barley)
Musa-acuminata-dwarf-banana                       Musa acuminata (dwarf banana)
Oropetium-thomaeum-desiccation-tolerant-grass     Oropetium thomaeum (desiccation-tolerant grass)
Oryza-sativa-long-grained-rice                    Oryza sativa Indica Group (long-grained rice)
Phoenix-dactylifera-date-palm                     Phoenix dactylifera (date palm)
Setaria-italica-                                  Setaria italica Foxtail millet) ()
Sorghum-bicolor-Sorghum                           Sorghum bicolor (Sorghum)
Triticum-aestivum-wheat                           Triticum aestivum (wheat)
Zea-mays-sweetcorn                                Zea mays (sweetcorn)
Brugia-malayi-parasitic-nematode                  Brugia malayi (parasitic nematode)
Caenorhabditis-brenneri-                          Caenorhabditis brenneri ()
Caenorhabditis-elegans-C-elegans                  Caenorhabditis elegans (C.elegans)
Pristionchus-pacificus-nematode                   Pristionchus pacificus (nematode)
Trichinella-spiralis-parasitic-nematode           Trichinella spiralis (parasitic nematode)
Albugo-laibachii-plant-pathogen                   Albugo laibachii (plant pathogen)
Aphanomyces-water-moulds                          Aphanomyces (water moulds)
Hyaloperonospora-arabidopsidis-plant-pathogen     Hyaloperonospora arabidopsidis (plant pathogen)
Phytophthora-plant-pathogen                       Phytophthora (plant pathogen)
Globisporangium-ultimum-plant-pathogen            Pythium ultimum (plant pathogen)
Amphimedon-queenslandica-sponge                   Amphimedon queenslandica (sponge)
Aplysia-californica-california-sea-hare           Aplysia californica (california sea hare)
Mnemiopsis-leidyi-warty-comb-jelly                Mnemiopsis leidyi (warty comb jelly)
Nematostella-vectensis-sea-anemone                Nematostella vectensis (sea anemone)
Schistosoma-mansoni-parasitic-trematode           Schistosoma mansoni (parasitic trematode)
Placozoa-placozoans                               Trichoplax adhaerens (placozoans)
Daphnia-pulex-water-flea                          Daphnia pulex (water flea)
Ixodes-scapularis-deer-tick                       Ixodes scapularis (deer tick)
Strigamia-maritima-centipede                      Strigamia maritima (centipede)
Leptocardii-lancelet                              Branchiostoma floridae (lancelet)
Strongylocentrotus-purpuratus-sea-urchin          Strongylocentrotus purpuratus (sea urchin)
Strongylocentrotus-purpuratus-additional-vari     Strongylocentrotus purpuratus (additional variant; sea urchin)
Absidia-idahoensis-pathogenic-fungus              Absidia idahoensis (pathogenic fungus)
Allomyces-macrogynus-blastocladiomycetes          Allomyces macrogynus (blastocladiomycetes)
Apophysomyces-generic-Apophysomyces-elegans-t     Apophysomyces (generic, Apophysomyces elegans+trapeziformis)
Rhizophydiales-amphibian-chytrid-fungus           Batrachochytrium (amphibian chytrid fungus)
Cokeromyces-recurvatus-pathogenic-fungus          Cokeromyces recurvatus (pathogenic fungus)
Lichtheimia-corymbifera-Absidia-corymbifera-p     Lichtheimia corymbifera (Absidia corymbifera, pathogenic fungus)
Mortierella-verticillata-soil-fungi               Mortierella verticillata (soil fungi)
Mucor-generic-Mucor-ambiguus-circinelloides       Mucor (generic, Mucor ambiguus+circinelloides)
Microsporidia-microsporidians-generic-Nematoc     Nematocida parisii (microsporidians, generic, Nematocida_parisii+sp_1)
Nosema-generic-Nosema_apis-bombycis-ceranae-m     Nosema (generic, Nosema_apis+bombycis+ceranae, microsporidians)
Parasitella-parasitica-Parasitella-simplex        Parasitella parasitica (Parasitella simplex)
Rhizomucor-generic-Rhizomucor-miehei-variabil     Rhizomucor (generic, Rhizomucor miehei+ variabilis)
Rhizophagus-irregularis-glomeromycetes-Glomus     Rhizophagus irregularis (glomeromycetes, Glomus irregulare)
Rhizophydiales-103-sequences-chytrids             Rhizophydiales sp (103 sequences, chytrids)
Rhizopus-arrhizus-opportunistic-human-pathoge     Rhizopus oryzae (opportunistic human pathogen)
Rhodotorula-toruloides-oleaginous-yeast           Rhodosporidium toruloides (oleaginous yeast)
Saksenaea-oblongispora-                           Saksenaea oblongispora ()
Spizellomyces-punctatus-chytrids                  Spizellomyces punctatus (chytrids)
Syncephalastrum-generic-Syncephalastrum-monos     Syncephalastrum (generic, Syncephalastrum monosporum+ racemosum)
Aureococcus-anophagefferens-heterokont-alga       Aureococcus anophagefferens (heterokont alga)
Chlorella-green-algae-generic-Chlorella-varia     Chlorella (green algae, generic, Chlorella variabilis+pyrenoidosa+vulgaris)
Coccomyxa-green-algae                             Coccomyxa (green algae)
Klebsormidium-flaccidum-filamentous-terrestri     Klebsormidium flaccidum (filamentous terrestrial alga)
Monoraphidium-                                    Monoraphidium neglectum ()
Ostreococcus-lucimarinus-green-algae              Ostreococcus lucimarinus (green algae)
Parachlorella-kessleri-Chlorella-kessleri-uni     Parachlorella kessleri (Chlorella kessleri, unicellular green alga)
Phaeodactylum-tricornutum-Diatoms                 Phaeodactylum tricornutum (Diatoms)
Physcomitrella-patens-Bryophyte-mosses            Physcomitrella patens (Bryophyte, mosses)
Selaginella-moellendorffii-Lycophyte-Club-mos     Selaginella moellendorffii (Lycophyte, Club-mosses)
Alligator-mississippiensis-American-alligator     Alligator mississippiensis (American alligator)
Alligator-sinensis-Chinese-alligator              Alligator sinensis (Chinese alligator)
Anolis-carolinensis-Green-anole-Carolina-anol     Anolis carolinensis (Green anole, Carolina anole)
Chelonia-mydas-Green-sea-turtle                   Chelonia mydas (Green sea turtle)
Chrysemys-picta-Painted-turtle                    Chrysemus picta (Painted turtle)
Xenopus-generic-frog                              Xenopus (generic, frog)
Amphilophus-citrinellus-Midas-cichlid-red-dev     Amphilophus citrinellus (Midas cichlid, red devil cichlid)
Anguilla-anguilla-European-eel-109-genes          Anguilla anguilla (European eel, 109 genes)
Anoplopoma-fimbria-sablefish                      Anoplopoma fimbria (sablefish)
Astyanax-mexicanus-Mexican-tetra-or-blind-cav     Astyanax mexicanus (Mexican tetra or blind cave fish)
Austrofundulus-limnaeus-bony-fishes               Austrofundulus_limnaeus (bony fishes)
Boleophthalmus-pectinirostris-great-blue-spot     Boleophthalmus pectinirostris (great blue-spotted mudskipper, 122 genes)
Callorhinchus-milii-Elephant-shark                Callorhinchus milii (Elephant shark)
Clupea-harengus-Atlantic-herring                  Clupea harengus (Atlantic herring)
Cottus-rhenanus-small-benthic-Rhine-sculpin       Cottus rhenanus (small benthic Rhine sculpin)
Ctenopharyngodon-idella-grass-carp                Ctenopharyngodon idella (grass carp)
Cynoglossus-semilaevis-Tonguefish                 Cynoglossus semilaevis (Tonguefish)
Cyprinodon-Cyprinodon_nevadensis-variega          Cyprinodon (Cyprinodon_nevadensis+variega)
Cyprinus-carpio-mirror-carp-common-carp           Cyprinus carpio (mirror carp, common carp)
Danio-rerio-Zebrafish-additional-variant          Danio rerio (Zebrafish, additional variant)
Danio-rerio-Zebrafish-leopard-danio               Danio rerio (Zebrafish, leopard danio)
Dicentrarchus-labrax-European-seabass             Dicentrarchus labrax (European seabass)
Esox-lucius-northern-pike                         Esox lucius (northern pike)
Fundulus-heteroclitus-Mummichog-killifish         Fundulus heteroclitus (Mummichog , killifish)
Gasterosteus-aculeatus-Three-spined-stickleba     Gasterosteus aculeatus (Three-spined stickleback)
Astatotilapia-burtoni-Burton-s-mouthbrooder       Haplochromis burtoni (Burton's mouthbrooder)
Larimichthys-crocea-large-yellow-croaker          Larimichthys crocea (large yellow croaker)
Lepisosteus-oculatus-spotted-gar                  Lepisosteus oculatus (spotted gar)
Neolamprologus-brichardi-Lyretail-cichlid-Pri     Neolamprologus brichardi (Lyretail cichlid, Princess of Burundi)
Notothenia-coriiceps-yellowbelly-rockcod-blac     Notothenia coriiceps (yellowbelly rockcod, black rockcod)
Oncorhynchus-mykiss-rainbow-trout                 Oncorhynchus mykiss (rainbow trout)
Oreochromis-niloticus-African-cichlid             Oreochromis niloticus (African cichlid)
Oryzias-sinensis-Japanese-rice-fish               Oryzias Latipes (Japanese rice fish)
Petromyzon-marinus-Sea-lamprey                    Petromyzon marinus (Sea lamprey)
Takifugu-rubripes-Torafugu                        Takifugu rubripes (Torafugu)
Dichotomyctere-nigroviridis-Spotted-green-puf     Tetraodon nigroviridis (Spotted green pufferfish)
Acanthamoeba-castellanii-amoebae                  Acanthamoeba castellanii (amoebae)
Babesia-generic-piroplasms                        Babesia (generic, piroplasms)
Chlamydomonas-Chlamydomonas-generic               Chlamydomonas (Chlamydomonas generic)
Dictyostelium-discoideum-cellular-slime-molds     Dictyostelium discoideum (cellular slime molds)
Entamoeba-histolytica-anaerobic-parasitic-pro     Entamoeba histolytica (anaerobic parasitic protozoan)
Giardia-duodenalis-diplomonads-Giardia-lambli     Giardia lamblia (diplomonads, Giardia lamblia)
Guillardia-theta-cryptomonads                     Guillardia theta (cryptomonads)
Leishmania-kinetoplastids                         Leishmania major (kinetoplastids)
Cercozoa-cercozoans-freshwater-amoeboids          Paulinella chromatophora (cercozoans, freshwater amoeboids)
Plasmodium-falciparum-malaria-parasite            Plasmodium falciparum (malaria parasite)
Toxoplasma-gondii-apicomplexans                   Toxoplasma gondii (apicomplexans)
Trypanosoma-brucei-kinetoplastids                 Trypanosoma brucei (kinetoplastids)
